{
  "generated_at": "2025-01-08T12:00:00Z",
  "entries": [
    {
      "AssetId": "fe_hss_v1.0",
      "Name": "Soft.Geometry Fancy FE",
      "Type": "repository",
      "Path": ".",
      "Version": "1.0.0",
      "Checksum": "sha256-TODO",
      "Dependencies": [".NET 8", "System.Drawing.Common"],
      "ShadowDeploymentMetadata": "local",
      "EnvironmentLabel": "dev",
      "Timestamp": "2025-01-08T12:00:00Z"
    },
    {
      "AssetId": "graph-run-placeholder",
      "Name": "Graph Run Placeholder",
      "Type": "graph-run",
      "Path": "samples/ci_graph.json",
      "Version": "0.0.1",
      "Checksum": "sha256-TODO",
      "Dependencies": [],
      "ShadowDeploymentMetadata": "local",
      "EnvironmentLabel": "dev",
      "Timestamp": "2025-01-08T12:00:00Z"
    }
  ]
}
